<?xml version="1.0" encoding="UTF-8"?>
<root>
  <item name="com.andrognito.rxpatternlockview.events.PatternLockCompoundEvent PatternLockCompoundEvent(int, java.util.List&lt;com.andrognito.patternlockview.PatternLockView.Dot&gt;) 0">
    <annotation name="android.support.annotation.IntDef">
      <val name="value" val="{com.andrognito.rxpatternlockview.events.PatternLockCompoundEvent.EventType.PATTERN_STARTED, com.andrognito.rxpatternlockview.events.PatternLockCompoundEvent.EventType.PATTERN_PROGRESS, com.andrognito.rxpatternlockview.events.PatternLockCompoundEvent.EventType.PATTERN_COMPLETE, com.andrognito.rxpatternlockview.events.PatternLockCompoundEvent.EventType.PATTERN_CLEARED}" />
    </annotation>
  </item>
  <item name="com.andrognito.rxpatternlockview.events.PatternLockCompoundEvent int getEventType()">
    <annotation name="android.support.annotation.IntDef">
      <val name="value" val="{com.andrognito.rxpatternlockview.events.PatternLockCompoundEvent.EventType.PATTERN_STARTED, com.andrognito.rxpatternlockview.events.PatternLockCompoundEvent.EventType.PATTERN_PROGRESS, com.andrognito.rxpatternlockview.events.PatternLockCompoundEvent.EventType.PATTERN_COMPLETE, com.andrognito.rxpatternlockview.events.PatternLockCompoundEvent.EventType.PATTERN_CLEARED}" />
    </annotation>
  </item>
  <item name="com.andrognito.rxpatternlockview.events.PatternLockCompoundEvent.EventType">
    <annotation name="android.support.annotation.IntDef">
      <val name="value" val="{com.andrognito.rxpatternlockview.events.PatternLockCompoundEvent.EventType.PATTERN_STARTED, com.andrognito.rxpatternlockview.events.PatternLockCompoundEvent.EventType.PATTERN_PROGRESS, com.andrognito.rxpatternlockview.events.PatternLockCompoundEvent.EventType.PATTERN_COMPLETE, com.andrognito.rxpatternlockview.events.PatternLockCompoundEvent.EventType.PATTERN_CLEARED}" />
    </annotation>
  </item>
</root>

