<?xml version="1.0" encoding="UTF-8"?>
<root>
  <item name="jp.co.recruit_lifestyle.android.widget.MaterialProgressDrawable void updateSizes(int) 0">
    <annotation name="android.support.annotation.IntDef">
      <val name="value" val="{jp.co.recruit_lifestyle.android.widget.MaterialProgressDrawable.LARGE, jp.co.recruit_lifestyle.android.widget.MaterialProgressDrawable.DEFAULT}" />
    </annotation>
  </item>
  <item name="jp.co.recruit_lifestyle.android.widget.WaveSwipeRefreshLayout void setColorSchemeResources(int...) 0">
    <annotation name="android.support.annotation.IdRes" />
  </item>
  <item name="jp.co.recruit_lifestyle.android.widget.WaveSwipeRefreshLayout.ProgressAnimationImageView void setProgressColorSchemeColorsFromResource(int...) 0">
    <annotation name="android.support.annotation.IdRes" />
  </item>
</root>

